{
    "train": {
        "log1p": {
            "mae": 0.2455760845748689,
            "mse": 0.09563522388853679,
            "rmse": 0.30924945252746494,
            "r2": 0.2283100404975742
        },
        "original": {
            "mae": 13.590791886227992,
            "mse": 308.5449800601834,
            "rmse": 17.565448473073022,
            "r2": 0.23590178895531588,
            "mape": 26.884150750223494
        }
    },
    "validation": {
        "log1p": {
            "mae": 0.29196631847524107,
            "mse": 0.12706938943737262,
            "rmse": 0.35646793605789096,
            "r2": -0.09816470645742936
        },
        "original": {
            "mae": 16.65738724499215,
            "mse": 432.66090943749776,
            "rmse": 20.80050262463621,
            "r2": -0.07196568303732653,
            "mape": 29.59135472255894
        }
    },
    "test": {
        "log1p": {
            "mae": 0.31237709612393144,
            "mse": 0.15601385971578563,
            "rmse": 0.3949858981226869,
            "r2": -0.003168868915202294
        },
        "original": {
            "mae": 16.915907382965095,
            "mse": 479.11490709657267,
            "rmse": 21.88869359044922,
            "r2": 0.06025957859794029,
            "mape": 35.81921383359992
        }
    },
    "model_config": {
        "lookback": 12,
        "horizon": 1,
        "n_features": 15,
        "lstm_units_layer1": 128,
        "lstm_units_layer2": 64,
        "dropout_rate": 0.2,
        "learning_rate": 0.001,
        "batch_size": 16,
        "epochs_trained": 35,
        "best_epoch": 